{
  "train": {
    "class_counts": {
      "akiec": 1374,
      "bcc": 4182,
      "bkl": 3023,
      "df": 283,
      "mel": 6574,
      "nv": 14496,
      "vasc": 292
    },
    "total_images": 30224,
    "num_classes": 7,
    "image_stats": {
      "width": {
        "min": 600,
        "max": 2816,
        "mean": 860.7942857142857,
        "std": 399.57894692349566
      },
      "height": {
        "min": 450,
        "max": 2112,
        "mean": 645.6714285714286,
        "std": 299.77344404583613
      },
      "aspect_ratio": {
        "min": 1.3315994798439532,
        "max": 1.3333333333333333,
        "mean": 1.3332287996137473,
        "std": 0.0003195324490272814
      },
      "num_samples": 350
    }
  },
  "val": {
    "class_counts": {
      "akiec": 538,
      "bcc": 1676,
      "bkl": 482,
      "df": 71,
      "mel": 2197,
      "nv": 3232,
      "vasc": 87
    },
    "total_images": 8283,
    "num_classes": 7,
    "image_stats": {
      "width": {
        "min": 600,
        "max": 1024,
        "mean": 710.24,
        "std": 185.9809194514319
      },
      "height": {
        "min": 450,
        "max": 1024,
        "mean": 599.24,
        "std": 251.7760560498158
      },
      "aspect_ratio": {
        "min": 1.0,
        "max": 1.3333333333333333,
        "mean": 1.2466666666666668,
        "std": 0.14621141466307536
      },
      "num_samples": 350
    }
  },
  "test": {
    "class_counts": {
      "akiec": 221,
      "bcc": 615,
      "bkl": 343,
      "df": 52,
      "mel": 850,
      "nv": 1531,
      "vasc": 41
    },
    "total_images": 3653,
    "num_classes": 7,
    "image_stats": {
      "width": {
        "min": 600,
        "max": 6688,
        "mean": 833.8826979472141,
        "std": 775.6133762432052
      },
      "height": {
        "min": 450,
        "max": 4479,
        "mean": 656.0645161290323,
        "std": 538.7771169615713
      },
      "aspect_ratio": {
        "min": 1.0,
        "max": 1.5070776255707763,
        "mean": 1.2853271990378432,
        "std": 0.1229861833794408
      },
      "num_samples": 341
    }
  }
}